,Links
3495,https://www.nhatot.com/mua-ban-dat-huyen-cu-chi-tp-ho-chi-minh/118733872.htm
3496,https://www.nhatot.com/mua-ban-dat-thanh-pho-thu-duc-tp-ho-chi-minh/118503533.htm
3497,https://www.nhatot.com/mua-ban-dat-thanh-pho-thu-duc-tp-ho-chi-minh/118470505.htm
3498,https://www.nhatot.com/mua-ban-dat-huyen-binh-chanh-tp-ho-chi-minh/107756589.htm
3499,https://www.nhatot.com/mua-ban-dat-thanh-pho-thu-duc-tp-ho-chi-minh/119353478.htm
3500,https://www.nhatot.com/mua-ban-dat-quan-12-tp-ho-chi-minh/115978635.htm
3501,https://www.nhatot.com/mua-ban-dat-quan-12-tp-ho-chi-minh/118962231.htm
3502,https://www.nhatot.com/mua-ban-dat-huyen-binh-chanh-tp-ho-chi-minh/117891669.htm
3503,https://www.nhatot.com/mua-ban-dat-huyen-cu-chi-tp-ho-chi-minh/119353302.htm
3504,https://www.nhatot.com/mua-ban-dat-thanh-pho-thu-duc-tp-ho-chi-minh/119353292.htm
3505,https://www.nhatot.com/mua-ban-dat-thanh-pho-thu-duc-tp-ho-chi-minh/118838372.htm
3506,https://www.nhatot.com/mua-ban-dat-huyen-cu-chi-tp-ho-chi-minh/119353021.htm
3507,https://www.nhatot.com/mua-ban-dat-thanh-pho-thu-duc-tp-ho-chi-minh/119353016.htm
3508,https://www.nhatot.com/mua-ban-dat-huyen-cu-chi-tp-ho-chi-minh/117836803.htm
3509,https://www.nhatot.com/mua-ban-dat-huyen-cu-chi-tp-ho-chi-minh/118509635.htm
3510,https://www.nhatot.com/mua-ban-dat-huyen-binh-chanh-tp-ho-chi-minh/119182326.htm#px=SR-special_display_ad-[PO-1][PL-default]
3511,https://www.nhatot.com/mua-ban-dat-thanh-pho-thu-duc-tp-ho-chi-minh/119352741.htm
3512,https://www.nhatot.com/mua-ban-dat-thanh-pho-thu-duc-tp-ho-chi-minh/119352681.htm#px=SR-special_display_ad-[PO-3][PL-default]
3513,https://www.nhatot.com/mua-ban-dat-huyen-hoc-mon-tp-ho-chi-minh/117662351.htm
3514,https://www.nhatot.com/mua-ban-dat-huyen-hoc-mon-tp-ho-chi-minh/118074660.htm
3515,https://www.nhatot.com/mua-ban-dat-thanh-pho-thu-duc-tp-ho-chi-minh/119352413.htm
3516,https://www.nhatot.com/mua-ban-dat-thanh-pho-thu-duc-tp-ho-chi-minh/119352404.htm
3517,https://www.nhatot.com/mua-ban-dat-quan-go-vap-tp-ho-chi-minh/118966901.htm
3518,https://www.nhatot.com/mua-ban-dat-thanh-pho-thu-duc-tp-ho-chi-minh/119352359.htm
3519,https://www.nhatot.com/mua-ban-dat-quan-7-tp-ho-chi-minh/119352317.htm
3520,https://www.nhatot.com/mua-ban-dat-quan-binh-thanh-tp-ho-chi-minh/118128536.htm
3521,https://www.nhatot.com/mua-ban-dat-thanh-pho-thu-duc-tp-ho-chi-minh/117969783.htm
3522,https://www.nhatot.com/mua-ban-dat-quan-12-tp-ho-chi-minh/119275838.htm
3523,https://www.nhatot.com/mua-ban-dat-huyen-binh-chanh-tp-ho-chi-minh/115317975.htm
3524,https://www.nhatot.com/mua-ban-dat-quan-binh-thanh-tp-ho-chi-minh/119352065.htm
3525,https://www.nhatot.com/mua-ban-dat-thanh-pho-thu-duc-tp-ho-chi-minh/114640253.htm
3526,https://www.nhatot.com/mua-ban-dat-huyen-binh-chanh-tp-ho-chi-minh/119352046.htm
3527,https://www.nhatot.com/mua-ban-dat-thanh-pho-thu-duc-tp-ho-chi-minh/107078559.htm
3528,https://www.nhatot.com/mua-ban-dat-huyen-cu-chi-tp-ho-chi-minh/119351962.htm
3529,https://www.nhatot.com/mua-ban-dat-thanh-pho-thu-duc-tp-ho-chi-minh/118099957.htm
3530,https://www.nhatot.com/mua-ban-dat-thanh-pho-thu-duc-tp-ho-chi-minh/116997270.htm
3531,https://www.nhatot.com/mua-ban-dat-thanh-pho-thu-duc-tp-ho-chi-minh/116073091.htm
3532,https://www.nhatot.com/mua-ban-dat-huyen-cu-chi-tp-ho-chi-minh/118095191.htm
3533,https://www.nhatot.com/mua-ban-dat-huyen-hoc-mon-tp-ho-chi-minh/119022340.htm
3534,https://www.nhatot.com/mua-ban-dat-huyen-hoc-mon-tp-ho-chi-minh/119011480.htm
3535,https://www.nhatot.com/mua-ban-dat-thanh-pho-thu-duc-tp-ho-chi-minh/117231416.htm
3536,https://www.nhatot.com/mua-ban-dat-thanh-pho-thu-duc-tp-ho-chi-minh/111535816.htm
3537,https://www.nhatot.com/mua-ban-dat-thanh-pho-thu-duc-tp-ho-chi-minh/116354924.htm
3538,https://www.nhatot.com/mua-ban-dat-huyen-binh-chanh-tp-ho-chi-minh/117884917.htm
3539,https://www.nhatot.com/mua-ban-dat-quan-12-tp-ho-chi-minh/118502603.htm
3540,https://www.nhatot.com/mua-ban-dat-thanh-pho-thu-duc-tp-ho-chi-minh/118765442.htm
3541,https://www.nhatot.com/mua-ban-dat-thanh-pho-thu-duc-tp-ho-chi-minh/117574334.htm
3542,https://www.nhatot.com/mua-ban-dat-huyen-cu-chi-tp-ho-chi-minh/119351153.htm
3543,https://www.nhatot.com/mua-ban-dat-huyen-binh-chanh-tp-ho-chi-minh/119351033.htm
3544,https://www.nhatot.com/mua-ban-dat-thanh-pho-thu-duc-tp-ho-chi-minh/117400655.htm
3545,https://www.nhatot.com/mua-ban-dat-huyen-hoc-mon-tp-ho-chi-minh/118096419.htm#px=SR-special_display_ad-[PO-16][PL-default]
3546,https://www.nhatot.com/mua-ban-dat-quan-6-tp-ho-chi-minh/116640772.htm
3547,https://www.nhatot.com/mua-ban-dat-huyen-nha-be-tp-ho-chi-minh/111639407.htm
3548,https://www.nhatot.com/mua-ban-dat-quan-binh-tan-tp-ho-chi-minh/117273140.htm
3549,https://www.nhatot.com/mua-ban-dat-quan-binh-tan-tp-ho-chi-minh/116637901.htm
3550,https://www.nhatot.com/mua-ban-dat-thanh-pho-thu-duc-tp-ho-chi-minh/119350833.htm
3551,https://www.nhatot.com/mua-ban-dat-thanh-pho-thu-duc-tp-ho-chi-minh/117062103.htm#px=SR-special_display_ad-[PO-2][PL-default]
3552,https://www.nhatot.com/mua-ban-dat-huyen-hoc-mon-tp-ho-chi-minh/115254882.htm
3553,https://www.nhatot.com/mua-ban-dat-huyen-hoc-mon-tp-ho-chi-minh/115580379.htm
3554,https://www.nhatot.com/mua-ban-dat-quan-go-vap-tp-ho-chi-minh/116706177.htm#px=SR-special_display_ad-[PO-5][PL-default]
3555,https://www.nhatot.com/mua-ban-dat-quan-12-tp-ho-chi-minh/119350381.htm
3556,https://www.nhatot.com/mua-ban-dat-quan-12-tp-ho-chi-minh/117297045.htm
3557,https://www.nhatot.com/mua-ban-dat-thanh-pho-thu-duc-tp-ho-chi-minh/119350320.htm
3558,https://www.nhatot.com/mua-ban-dat-huyen-cu-chi-tp-ho-chi-minh/113974012.htm
3559,https://www.nhatot.com/mua-ban-dat-huyen-cu-chi-tp-ho-chi-minh/114130341.htm
3560,https://www.nhatot.com/mua-ban-dat-thanh-pho-thu-duc-tp-ho-chi-minh/119291278.htm
3561,https://www.nhatot.com/mua-ban-dat-huyen-cu-chi-tp-ho-chi-minh/116745009.htm
3562,https://www.nhatot.com/mua-ban-dat-huyen-cu-chi-tp-ho-chi-minh/113984035.htm
3563,https://www.nhatot.com/mua-ban-dat-huyen-cu-chi-tp-ho-chi-minh/114398402.htm
3564,https://www.nhatot.com/mua-ban-dat-huyen-cu-chi-tp-ho-chi-minh/115398295.htm
3565,https://www.nhatot.com/mua-ban-dat-huyen-cu-chi-tp-ho-chi-minh/117935692.htm
3566,https://www.nhatot.com/mua-ban-dat-huyen-cu-chi-tp-ho-chi-minh/117837358.htm
3567,https://www.nhatot.com/mua-ban-dat-huyen-cu-chi-tp-ho-chi-minh/117837546.htm
3568,https://www.nhatot.com/mua-ban-dat-huyen-cu-chi-tp-ho-chi-minh/117935914.htm
3569,https://www.nhatot.com/mua-ban-dat-huyen-cu-chi-tp-ho-chi-minh/117942701.htm
3570,https://www.nhatot.com/mua-ban-dat-huyen-cu-chi-tp-ho-chi-minh/115283427.htm
3571,https://www.nhatot.com/mua-ban-dat-huyen-cu-chi-tp-ho-chi-minh/114057180.htm
3572,https://www.nhatot.com/mua-ban-dat-huyen-cu-chi-tp-ho-chi-minh/114043839.htm
3573,https://www.nhatot.com/mua-ban-dat-huyen-cu-chi-tp-ho-chi-minh/114162299.htm
3574,https://www.nhatot.com/mua-ban-dat-huyen-cu-chi-tp-ho-chi-minh/115282378.htm
3575,https://www.nhatot.com/mua-ban-dat-huyen-cu-chi-tp-ho-chi-minh/116040897.htm
3576,https://www.nhatot.com/mua-ban-dat-huyen-cu-chi-tp-ho-chi-minh/116664299.htm
3577,https://www.nhatot.com/mua-ban-dat-huyen-cu-chi-tp-ho-chi-minh/117736359.htm
3578,https://www.nhatot.com/mua-ban-dat-huyen-cu-chi-tp-ho-chi-minh/117726856.htm
3579,https://www.nhatot.com/mua-ban-dat-huyen-cu-chi-tp-ho-chi-minh/117726369.htm
3580,https://www.nhatot.com/mua-ban-dat-huyen-cu-chi-tp-ho-chi-minh/117726567.htm
3581,https://www.nhatot.com/mua-ban-dat-huyen-cu-chi-tp-ho-chi-minh/117844559.htm
3582,https://www.nhatot.com/mua-ban-dat-huyen-cu-chi-tp-ho-chi-minh/117970351.htm
3583,https://www.nhatot.com/mua-ban-dat-huyen-cu-chi-tp-ho-chi-minh/117970594.htm
3584,https://www.nhatot.com/mua-ban-dat-huyen-cu-chi-tp-ho-chi-minh/116601695.htm
3585,https://www.nhatot.com/mua-ban-dat-quan-tan-binh-tp-ho-chi-minh/119350134.htm
3586,https://www.nhatot.com/mua-ban-dat-thanh-pho-thu-duc-tp-ho-chi-minh/119350080.htm
3587,https://www.nhatot.com/mua-ban-dat-huyen-binh-chanh-tp-ho-chi-minh/118653036.htm
3588,https://www.nhatot.com/mua-ban-dat-huyen-hoc-mon-tp-ho-chi-minh/118639758.htm
3589,https://www.nhatot.com/mua-ban-dat-huyen-hoc-mon-tp-ho-chi-minh/119349964.htm
3590,https://www.nhatot.com/mua-ban-dat-quan-12-tp-ho-chi-minh/117987542.htm
3591,https://www.nhatot.com/mua-ban-dat-huyen-cu-chi-tp-ho-chi-minh/119299933.htm
3592,https://www.nhatot.com/mua-ban-dat-thanh-pho-thu-duc-tp-ho-chi-minh/119274399.htm#px=SR-special_display_ad-[PO-3][PL-default]
3593,https://www.nhatot.com/mua-ban-dat-huyen-cu-chi-tp-ho-chi-minh/119349722.htm
3594,https://www.nhatot.com/mua-ban-dat-quan-binh-tan-tp-ho-chi-minh/119349615.htm
3595,https://www.nhatot.com/mua-ban-dat-huyen-hoc-mon-tp-ho-chi-minh/119349577.htm
3596,https://www.nhatot.com/mua-ban-dat-huyen-cu-chi-tp-ho-chi-minh/119349511.htm
3597,https://www.nhatot.com/mua-ban-dat-huyen-nha-be-tp-ho-chi-minh/118757718.htm
3598,https://www.nhatot.com/mua-ban-dat-huyen-nha-be-tp-ho-chi-minh/119006972.htm
3599,https://www.nhatot.com/mua-ban-dat-huyen-cu-chi-tp-ho-chi-minh/119086073.htm
3600,https://www.nhatot.com/mua-ban-dat-huyen-nha-be-tp-ho-chi-minh/118969502.htm
3601,https://www.nhatot.com/mua-ban-dat-huyen-hoc-mon-tp-ho-chi-minh/118598213.htm
3602,https://www.nhatot.com/mua-ban-dat-huyen-nha-be-tp-ho-chi-minh/118530723.htm
3603,https://www.nhatot.com/mua-ban-dat-quan-8-tp-ho-chi-minh/118838902.htm
3604,https://www.nhatot.com/mua-ban-dat-huyen-hoc-mon-tp-ho-chi-minh/119349309.htm
3605,https://www.nhatot.com/mua-ban-dat-huyen-nha-be-tp-ho-chi-minh/108283770.htm
3606,https://www.nhatot.com/mua-ban-dat-quan-binh-tan-tp-ho-chi-minh/119019031.htm
3607,https://www.nhatot.com/mua-ban-dat-huyen-hoc-mon-tp-ho-chi-minh/116702972.htm
3608,https://www.nhatot.com/mua-ban-dat-quan-binh-tan-tp-ho-chi-minh/117961114.htm
3609,https://www.nhatot.com/mua-ban-dat-quan-binh-tan-tp-ho-chi-minh/116002399.htm
3610,https://www.nhatot.com/mua-ban-dat-huyen-hoc-mon-tp-ho-chi-minh/118987488.htm
3611,https://www.nhatot.com/mua-ban-dat-thanh-pho-thu-duc-tp-ho-chi-minh/117109381.htm
3612,https://www.nhatot.com/mua-ban-dat-huyen-binh-chanh-tp-ho-chi-minh/118480784.htm
3613,https://www.nhatot.com/mua-ban-dat-quan-binh-thanh-tp-ho-chi-minh/115424971.htm
3614,https://www.nhatot.com/mua-ban-dat-quan-binh-tan-tp-ho-chi-minh/119348743.htm
3615,https://www.nhatot.com/mua-ban-dat-quan-12-tp-ho-chi-minh/118970019.htm
3616,https://www.nhatot.com/mua-ban-dat-huyen-hoc-mon-tp-ho-chi-minh/118430498.htm
3617,https://www.nhatot.com/mua-ban-dat-quan-12-tp-ho-chi-minh/115525341.htm
3618,https://www.nhatot.com/mua-ban-dat-thanh-pho-thu-duc-tp-ho-chi-minh/118526109.htm
3619,https://www.nhatot.com/mua-ban-dat-huyen-nha-be-tp-ho-chi-minh/119348699.htm
3620,https://www.nhatot.com/mua-ban-dat-thanh-pho-thu-duc-tp-ho-chi-minh/116636060.htm
3621,https://www.nhatot.com/mua-ban-dat-thanh-pho-thu-duc-tp-ho-chi-minh/118163352.htm
3622,https://www.nhatot.com/mua-ban-dat-thanh-pho-thu-duc-tp-ho-chi-minh/118663908.htm
3623,https://www.nhatot.com/mua-ban-dat-huyen-cu-chi-tp-ho-chi-minh/118682053.htm
3624,https://www.nhatot.com/mua-ban-dat-thanh-pho-thu-duc-tp-ho-chi-minh/119202913.htm
3625,https://www.nhatot.com/mua-ban-dat-huyen-nha-be-tp-ho-chi-minh/119348588.htm
3626,https://www.nhatot.com/mua-ban-dat-huyen-cu-chi-tp-ho-chi-minh/119348585.htm
3627,https://www.nhatot.com/mua-ban-dat-thanh-pho-thu-duc-tp-ho-chi-minh/112711841.htm
3628,https://www.nhatot.com/mua-ban-dat-huyen-cu-chi-tp-ho-chi-minh/118638668.htm
3629,https://www.nhatot.com/mua-ban-dat-huyen-cu-chi-tp-ho-chi-minh/119333798.htm#px=SR-special_display_ad-[PO-20][PL-default]
3630,https://www.nhatot.com/mua-ban-dat-huyen-cu-chi-tp-ho-chi-minh/118145882.htm
3631,https://www.nhatot.com/mua-ban-dat-quan-12-tp-ho-chi-minh/117970512.htm
3632,https://www.nhatot.com/mua-ban-dat-quan-binh-tan-tp-ho-chi-minh/119103293.htm
3633,https://www.nhatot.com/mua-ban-dat-thanh-pho-thu-duc-tp-ho-chi-minh/118866039.htm
3634,https://www.nhatot.com/mua-ban-dat-huyen-cu-chi-tp-ho-chi-minh/119348385.htm
3635,https://www.nhatot.com/mua-ban-dat-thanh-pho-thu-duc-tp-ho-chi-minh/119104909.htm
3636,https://www.nhatot.com/mua-ban-dat-huyen-cu-chi-tp-ho-chi-minh/119348334.htm
3637,https://www.nhatot.com/mua-ban-dat-quan-tan-phu-tp-ho-chi-minh/118479140.htm
3638,https://www.nhatot.com/mua-ban-dat-quan-tan-phu-tp-ho-chi-minh/117793366.htm
3639,https://www.nhatot.com/mua-ban-dat-quan-tan-phu-tp-ho-chi-minh/118058160.htm
3640,https://www.nhatot.com/mua-ban-dat-thanh-pho-thu-duc-tp-ho-chi-minh/119322541.htm
3641,https://www.nhatot.com/mua-ban-dat-huyen-cu-chi-tp-ho-chi-minh/119348122.htm
3642,https://www.nhatot.com/mua-ban-dat-huyen-cu-chi-tp-ho-chi-minh/119348040.htm
3643,https://www.nhatot.com/mua-ban-dat-quan-8-tp-ho-chi-minh/119348028.htm
3644,https://www.nhatot.com/mua-ban-dat-huyen-binh-chanh-tp-ho-chi-minh/115957396.htm
3645,https://www.nhatot.com/mua-ban-dat-huyen-nha-be-tp-ho-chi-minh/119347914.htm
3646,https://www.nhatot.com/mua-ban-dat-huyen-cu-chi-tp-ho-chi-minh/118061235.htm
3647,https://www.nhatot.com/mua-ban-dat-huyen-nha-be-tp-ho-chi-minh/119347842.htm
3648,https://www.nhatot.com/mua-ban-dat-huyen-cu-chi-tp-ho-chi-minh/118931461.htm
3649,https://www.nhatot.com/mua-ban-dat-huyen-cu-chi-tp-ho-chi-minh/119233495.htm
3650,https://www.nhatot.com/mua-ban-dat-quan-binh-thanh-tp-ho-chi-minh/109957514.htm
3651,https://www.nhatot.com/mua-ban-dat-huyen-hoc-mon-tp-ho-chi-minh/105654411.htm
3652,https://www.nhatot.com/mua-ban-dat-huyen-hoc-mon-tp-ho-chi-minh/118869699.htm
3653,https://www.nhatot.com/mua-ban-dat-huyen-hoc-mon-tp-ho-chi-minh/116936605.htm
3654,https://www.nhatot.com/mua-ban-dat-huyen-cu-chi-tp-ho-chi-minh/118995509.htm#px=SR-special_display_ad-[PO-5][PL-default]
3655,https://www.nhatot.com/mua-ban-dat-thanh-pho-thu-duc-tp-ho-chi-minh/118368781.htm
3656,https://www.nhatot.com/mua-ban-dat-huyen-hoc-mon-tp-ho-chi-minh/116532154.htm#px=SR-special_display_ad-[PO-7][PL-default]
3657,https://www.nhatot.com/mua-ban-dat-huyen-cu-chi-tp-ho-chi-minh/114058913.htm
3658,https://www.nhatot.com/mua-ban-dat-huyen-binh-chanh-tp-ho-chi-minh/118312224.htm
3659,https://www.nhatot.com/mua-ban-dat-thanh-pho-thu-duc-tp-ho-chi-minh/119347336.htm#px=SR-special_display_ad-[PO-10][PL-default]
3660,https://www.nhatot.com/mua-ban-dat-huyen-binh-chanh-tp-ho-chi-minh/118086046.htm
3661,https://www.nhatot.com/mua-ban-dat-thanh-pho-thu-duc-tp-ho-chi-minh/119347328.htm
3662,https://www.nhatot.com/mua-ban-dat-huyen-nha-be-tp-ho-chi-minh/105188567.htm
3663,https://www.nhatot.com/mua-ban-dat-quan-7-tp-ho-chi-minh/109672848.htm
3664,https://www.nhatot.com/mua-ban-dat-quan-7-tp-ho-chi-minh/118180278.htm
3665,https://www.nhatot.com/mua-ban-dat-quan-7-tp-ho-chi-minh/105156055.htm
3666,https://www.nhatot.com/mua-ban-dat-quan-12-tp-ho-chi-minh/118044895.htm
3667,https://www.nhatot.com/mua-ban-dat-thanh-pho-thu-duc-tp-ho-chi-minh/118703382.htm
3668,https://www.nhatot.com/mua-ban-dat-huyen-nha-be-tp-ho-chi-minh/118688128.htm
3669,https://www.nhatot.com/mua-ban-dat-thanh-pho-thu-duc-tp-ho-chi-minh/119346987.htm
3670,https://www.nhatot.com/mua-ban-dat-quan-12-tp-ho-chi-minh/118044895.htm
3671,https://www.nhatot.com/mua-ban-dat-thanh-pho-thu-duc-tp-ho-chi-minh/118703382.htm
3672,https://www.nhatot.com/mua-ban-dat-huyen-nha-be-tp-ho-chi-minh/118688128.htm
3673,https://www.nhatot.com/mua-ban-dat-thanh-pho-thu-duc-tp-ho-chi-minh/119346987.htm
3674,https://www.nhatot.com/mua-ban-dat-thanh-pho-thu-duc-tp-ho-chi-minh/117854654.htm#px=SR-special_display_ad-[PO-5][PL-default]
3675,https://www.nhatot.com/mua-ban-dat-thanh-pho-thu-duc-tp-ho-chi-minh/116139086.htm#px=SR-special_display_ad-[PO-6][PL-default]
3676,https://www.nhatot.com/mua-ban-dat-thanh-pho-thu-duc-tp-ho-chi-minh/116313285.htm#px=SR-special_display_ad-[PO-7][PL-default]
3677,https://www.nhatot.com/mua-ban-dat-huyen-hoc-mon-tp-ho-chi-minh/118748093.htm
3678,https://www.nhatot.com/mua-ban-dat-quan-go-vap-tp-ho-chi-minh/119346267.htm
3679,https://www.nhatot.com/mua-ban-dat-thanh-pho-thu-duc-tp-ho-chi-minh/119346200.htm#px=SR-special_display_ad-[PO-10][PL-default]
3680,https://www.nhatot.com/mua-ban-dat-quan-12-tp-ho-chi-minh/116477956.htm
3681,https://www.nhatot.com/mua-ban-dat-quan-tan-binh-tp-ho-chi-minh/119346041.htm
3682,https://www.nhatot.com/mua-ban-dat-quan-12-tp-ho-chi-minh/119345740.htm
3683,https://www.nhatot.com/mua-ban-dat-huyen-can-gio-tp-ho-chi-minh/119345623.htm
3684,https://www.nhatot.com/mua-ban-dat-huyen-nha-be-tp-ho-chi-minh/119345562.htm
3685,https://www.nhatot.com/mua-ban-dat-thanh-pho-thu-duc-tp-ho-chi-minh/118482745.htm
3686,https://www.nhatot.com/mua-ban-dat-quan-8-tp-ho-chi-minh/118534085.htm
3687,https://www.nhatot.com/mua-ban-dat-thanh-pho-thu-duc-tp-ho-chi-minh/119345259.htm
3688,https://www.nhatot.com/mua-ban-dat-huyen-hoc-mon-tp-ho-chi-minh/111439395.htm
3689,https://www.nhatot.com/mua-ban-dat-thanh-pho-thu-duc-tp-ho-chi-minh/119294928.htm#px=SR-special_display_ad-[PO-20][PL-default]
3690,https://www.nhatot.com/mua-ban-dat-thanh-pho-thu-duc-tp-ho-chi-minh/119294928.htm#px=SR-special_display_ad-[PO-1][PL-default]
3691,https://www.nhatot.com/mua-ban-dat-huyen-nha-be-tp-ho-chi-minh/118994535.htm
3692,https://www.nhatot.com/mua-ban-dat-huyen-cu-chi-tp-ho-chi-minh/115321327.htm#px=SR-special_display_ad-[PO-3][PL-default]
3693,https://www.nhatot.com/mua-ban-dat-huyen-nha-be-tp-ho-chi-minh/119344980.htm#px=SR-special_display_ad-[PO-4][PL-default]
3694,https://www.nhatot.com/mua-ban-dat-quan-go-vap-tp-ho-chi-minh/119344897.htm#px=SR-special_display_ad-[PO-5][PL-default]
3695,https://www.nhatot.com/mua-ban-dat-huyen-nha-be-tp-ho-chi-minh/119344868.htm
3696,https://www.nhatot.com/mua-ban-dat-thanh-pho-thu-duc-tp-ho-chi-minh/119104600.htm
3697,https://www.nhatot.com/mua-ban-dat-thanh-pho-thu-duc-tp-ho-chi-minh/118251971.htm
3698,https://www.nhatot.com/mua-ban-dat-thanh-pho-thu-duc-tp-ho-chi-minh/118992657.htm#px=SR-special_display_ad-[PO-9][PL-default]
3699,https://www.nhatot.com/mua-ban-dat-huyen-binh-chanh-tp-ho-chi-minh/119344707.htm
3700,https://www.nhatot.com/mua-ban-dat-thanh-pho-thu-duc-tp-ho-chi-minh/119344701.htm
3701,https://www.nhatot.com/mua-ban-dat-huyen-nha-be-tp-ho-chi-minh/118718275.htm
3702,https://www.nhatot.com/mua-ban-dat-thanh-pho-thu-duc-tp-ho-chi-minh/119344638.htm
3703,https://www.nhatot.com/mua-ban-dat-quan-12-tp-ho-chi-minh/119113120.htm
3704,https://www.nhatot.com/mua-ban-dat-quan-12-tp-ho-chi-minh/119112893.htm
3705,https://www.nhatot.com/mua-ban-dat-quan-binh-tan-tp-ho-chi-minh/119344607.htm
3706,https://www.nhatot.com/mua-ban-dat-thanh-pho-thu-duc-tp-ho-chi-minh/118561051.htm
3707,https://www.nhatot.com/mua-ban-dat-thanh-pho-thu-duc-tp-ho-chi-minh/118447379.htm
3708,https://www.nhatot.com/mua-ban-dat-huyen-cu-chi-tp-ho-chi-minh/118282758.htm
3709,https://www.nhatot.com/mua-ban-dat-huyen-can-gio-tp-ho-chi-minh/119344267.htm
3710,https://www.nhatot.com/mua-ban-dat-thanh-pho-thu-duc-tp-ho-chi-minh/118447379.htm
3711,https://www.nhatot.com/mua-ban-dat-huyen-cu-chi-tp-ho-chi-minh/118282758.htm
3712,https://www.nhatot.com/mua-ban-dat-huyen-can-gio-tp-ho-chi-minh/119344267.htm
3713,https://www.nhatot.com/mua-ban-dat-huyen-nha-be-tp-ho-chi-minh/119344212.htm
3714,https://www.nhatot.com/mua-ban-dat-quan-binh-tan-tp-ho-chi-minh/119293691.htm
3715,https://www.nhatot.com/mua-ban-dat-huyen-can-gio-tp-ho-chi-minh/110603396.htm
3716,https://www.nhatot.com/mua-ban-dat-thanh-pho-thu-duc-tp-ho-chi-minh/119344074.htm
3717,https://www.nhatot.com/mua-ban-dat-thanh-pho-thu-duc-tp-ho-chi-minh/119344032.htm
3718,https://www.nhatot.com/mua-ban-dat-thanh-pho-thu-duc-tp-ho-chi-minh/119344015.htm
3719,https://www.nhatot.com/mua-ban-dat-thanh-pho-thu-duc-tp-ho-chi-minh/119344011.htm#px=SR-special_display_ad-[PO-10][PL-default]
3720,https://www.nhatot.com/mua-ban-dat-huyen-binh-chanh-tp-ho-chi-minh/119001361.htm
3721,https://www.nhatot.com/mua-ban-dat-thanh-pho-thu-duc-tp-ho-chi-minh/119343947.htm
3722,https://www.nhatot.com/mua-ban-dat-quan-12-tp-ho-chi-minh/119087052.htm
3723,https://www.nhatot.com/mua-ban-dat-quan-12-tp-ho-chi-minh/113661509.htm
3724,https://www.nhatot.com/mua-ban-dat-huyen-nha-be-tp-ho-chi-minh/119343550.htm
3725,https://www.nhatot.com/mua-ban-dat-huyen-hoc-mon-tp-ho-chi-minh/118357714.htm
3726,https://www.nhatot.com/mua-ban-dat-quan-12-tp-ho-chi-minh/112912133.htm
3727,https://www.nhatot.com/mua-ban-dat-quan-12-tp-ho-chi-minh/114643910.htm
3728,https://www.nhatot.com/mua-ban-dat-huyen-binh-chanh-tp-ho-chi-minh/116998842.htm
3729,https://www.nhatot.com/mua-ban-dat-quan-12-tp-ho-chi-minh/119000665.htm
3730,https://www.nhatot.com/mua-ban-dat-huyen-binh-chanh-tp-ho-chi-minh/112722961.htm
3731,https://www.nhatot.com/mua-ban-dat-huyen-cu-chi-tp-ho-chi-minh/117290998.htm
3732,https://www.nhatot.com/mua-ban-dat-quan-12-tp-ho-chi-minh/114136095.htm
3733,https://www.nhatot.com/mua-ban-dat-quan-binh-tan-tp-ho-chi-minh/118410978.htm
3734,https://www.nhatot.com/mua-ban-dat-quan-12-tp-ho-chi-minh/119342751.htm
3735,https://www.nhatot.com/mua-ban-dat-huyen-hoc-mon-tp-ho-chi-minh/119190008.htm
3736,https://www.nhatot.com/mua-ban-dat-quan-12-tp-ho-chi-minh/119342582.htm
3737,https://www.nhatot.com/mua-ban-dat-huyen-nha-be-tp-ho-chi-minh/119171988.htm
3738,https://www.nhatot.com/mua-ban-dat-quan-7-tp-ho-chi-minh/119341453.htm
3739,https://www.nhatot.com/mua-ban-dat-thanh-pho-thu-duc-tp-ho-chi-minh/119341439.htm
3740,https://www.nhatot.com/mua-ban-dat-huyen-hoc-mon-tp-ho-chi-minh/118158609.htm
3741,https://www.nhatot.com/mua-ban-dat-thanh-pho-thu-duc-tp-ho-chi-minh/119341313.htm
3742,https://www.nhatot.com/mua-ban-dat-huyen-can-gio-tp-ho-chi-minh/119341280.htm
3743,https://www.nhatot.com/mua-ban-dat-thanh-pho-thu-duc-tp-ho-chi-minh/118513124.htm#px=SR-special_display_ad-[PO-14][PL-default]
3744,https://www.nhatot.com/mua-ban-dat-thanh-pho-thu-duc-tp-ho-chi-minh/118210381.htm#px=SR-special_display_ad-[PO-15][PL-default]
3745,https://www.nhatot.com/mua-ban-dat-quan-7-tp-ho-chi-minh/116464371.htm
3746,https://www.nhatot.com/mua-ban-dat-thanh-pho-thu-duc-tp-ho-chi-minh/114819704.htm#px=SR-special_display_ad-[PO-17][PL-default]
3747,https://www.nhatot.com/mua-ban-dat-thanh-pho-thu-duc-tp-ho-chi-minh/118768011.htm#px=SR-special_display_ad-[PO-18][PL-default]
3748,https://www.nhatot.com/mua-ban-dat-thanh-pho-thu-duc-tp-ho-chi-minh/118725421.htm#px=SR-special_display_ad-[PO-19][PL-default]
3749,https://www.nhatot.com/mua-ban-dat-thanh-pho-thu-duc-tp-ho-chi-minh/115388457.htm#px=SR-special_display_ad-[PO-20][PL-default]
3750,https://www.nhatot.com/mua-ban-dat-huyen-nha-be-tp-ho-chi-minh/119341021.htm
3751,https://www.nhatot.com/mua-ban-dat-quan-binh-tan-tp-ho-chi-minh/119340894.htm
3752,https://www.nhatot.com/mua-ban-dat-huyen-hoc-mon-tp-ho-chi-minh/117707901.htm
3753,https://www.nhatot.com/mua-ban-dat-huyen-hoc-mon-tp-ho-chi-minh/115560681.htm
3754,https://www.nhatot.com/mua-ban-dat-quan-12-tp-ho-chi-minh/117838193.htm
3755,https://www.nhatot.com/mua-ban-dat-thanh-pho-thu-duc-tp-ho-chi-minh/115038045.htm
3756,https://www.nhatot.com/mua-ban-dat-thanh-pho-thu-duc-tp-ho-chi-minh/116207288.htm
3757,https://www.nhatot.com/mua-ban-dat-quan-12-tp-ho-chi-minh/115336144.htm#px=SR-special_display_ad-[PO-8][PL-default]
3758,https://www.nhatot.com/mua-ban-dat-quan-12-tp-ho-chi-minh/118172323.htm
3759,https://www.nhatot.com/mua-ban-dat-quan-12-tp-ho-chi-minh/117767799.htm
3760,https://www.nhatot.com/mua-ban-dat-huyen-hoc-mon-tp-ho-chi-minh/119301951.htm
3761,https://www.nhatot.com/mua-ban-dat-thanh-pho-thu-duc-tp-ho-chi-minh/118077593.htm#px=SR-special_display_ad-[PO-12][PL-default]
3762,https://www.nhatot.com/mua-ban-dat-thanh-pho-thu-duc-tp-ho-chi-minh/119340225.htm
3763,https://www.nhatot.com/mua-ban-dat-quan-12-tp-ho-chi-minh/118982041.htm
3764,https://www.nhatot.com/mua-ban-dat-huyen-cu-chi-tp-ho-chi-minh/118968326.htm
3765,https://www.nhatot.com/mua-ban-dat-huyen-cu-chi-tp-ho-chi-minh/118967977.htm
3766,https://www.nhatot.com/mua-ban-dat-huyen-cu-chi-tp-ho-chi-minh/118967816.htm
3767,https://www.nhatot.com/mua-ban-dat-huyen-cu-chi-tp-ho-chi-minh/118966940.htm
3768,https://www.nhatot.com/mua-ban-dat-huyen-cu-chi-tp-ho-chi-minh/118967675.htm
3769,https://www.nhatot.com/mua-ban-dat-huyen-cu-chi-tp-ho-chi-minh/118967436.htm
3770,https://www.nhatot.com/mua-ban-dat-huyen-cu-chi-tp-ho-chi-minh/118967675.htm
3771,https://www.nhatot.com/mua-ban-dat-huyen-cu-chi-tp-ho-chi-minh/118967436.htm
3772,https://www.nhatot.com/mua-ban-dat-huyen-cu-chi-tp-ho-chi-minh/117128169.htm
3773,https://www.nhatot.com/mua-ban-dat-huyen-hoc-mon-tp-ho-chi-minh/118635406.htm
3774,https://www.nhatot.com/mua-ban-dat-huyen-cu-chi-tp-ho-chi-minh/119339786.htm
3775,https://www.nhatot.com/mua-ban-dat-thanh-pho-thu-duc-tp-ho-chi-minh/119339747.htm
3776,https://www.nhatot.com/mua-ban-dat-huyen-cu-chi-tp-ho-chi-minh/118626557.htm
3777,https://www.nhatot.com/mua-ban-dat-thanh-pho-thu-duc-tp-ho-chi-minh/119339614.htm
3778,https://www.nhatot.com/mua-ban-dat-quan-binh-tan-tp-ho-chi-minh/118632169.htm
3779,https://www.nhatot.com/mua-ban-dat-quan-7-tp-ho-chi-minh/117768122.htm
3780,https://www.nhatot.com/mua-ban-dat-thanh-pho-thu-duc-tp-ho-chi-minh/119339399.htm
3781,https://www.nhatot.com/mua-ban-dat-quan-12-tp-ho-chi-minh/118992853.htm
3782,https://www.nhatot.com/mua-ban-dat-huyen-cu-chi-tp-ho-chi-minh/119339289.htm
3783,https://www.nhatot.com/mua-ban-dat-huyen-nha-be-tp-ho-chi-minh/115876734.htm#px=SR-special_display_ad-[PO-14][PL-default]
3784,https://www.nhatot.com/mua-ban-dat-thanh-pho-thu-duc-tp-ho-chi-minh/119339232.htm#px=SR-special_display_ad-[PO-15][PL-default]
3785,https://www.nhatot.com/mua-ban-dat-huyen-cu-chi-tp-ho-chi-minh/119339216.htm
3786,https://www.nhatot.com/mua-ban-dat-quan-binh-tan-tp-ho-chi-minh/115190489.htm
3787,https://www.nhatot.com/mua-ban-dat-quan-12-tp-ho-chi-minh/119339085.htm
3788,https://www.nhatot.com/mua-ban-dat-thanh-pho-thu-duc-tp-ho-chi-minh/119339056.htm#px=SR-special_display_ad-[PO-19][PL-default]
3789,https://www.nhatot.com/mua-ban-dat-huyen-cu-chi-tp-ho-chi-minh/117041818.htm
3790,https://www.nhatot.com/mua-ban-dat-huyen-cu-chi-tp-ho-chi-minh/116836638.htm
3791,https://www.nhatot.com/mua-ban-dat-huyen-cu-chi-tp-ho-chi-minh/116836035.htm
3792,https://www.nhatot.com/mua-ban-dat-huyen-hoc-mon-tp-ho-chi-minh/119338960.htm
3793,https://www.nhatot.com/mua-ban-dat-thanh-pho-thu-duc-tp-ho-chi-minh/118946450.htm#px=SR-special_display_ad-[PO-4][PL-default]
3794,https://www.nhatot.com/mua-ban-dat-huyen-cu-chi-tp-ho-chi-minh/118958439.htm
3795,https://www.nhatot.com/mua-ban-dat-huyen-cu-chi-tp-ho-chi-minh/119338833.htm
3796,https://www.nhatot.com/mua-ban-dat-huyen-cu-chi-tp-ho-chi-minh/119239738.htm
3797,https://www.nhatot.com/mua-ban-dat-thanh-pho-thu-duc-tp-ho-chi-minh/119049969.htm
3798,https://www.nhatot.com/mua-ban-dat-thanh-pho-thu-duc-tp-ho-chi-minh/119338768.htm
3799,https://www.nhatot.com/mua-ban-dat-huyen-hoc-mon-tp-ho-chi-minh/119338730.htm
3800,https://www.nhatot.com/mua-ban-dat-quan-binh-tan-tp-ho-chi-minh/117196664.htm
3801,https://www.nhatot.com/mua-ban-dat-thanh-pho-thu-duc-tp-ho-chi-minh/117842962.htm
3802,https://www.nhatot.com/mua-ban-dat-huyen-binh-chanh-tp-ho-chi-minh/116281880.htm
3803,https://www.nhatot.com/mua-ban-dat-thanh-pho-thu-duc-tp-ho-chi-minh/117025529.htm
3804,https://www.nhatot.com/mua-ban-dat-quan-tan-phu-tp-ho-chi-minh/118604591.htm
3805,https://www.nhatot.com/mua-ban-dat-huyen-hoc-mon-tp-ho-chi-minh/114570415.htm
3806,https://www.nhatot.com/mua-ban-dat-quan-7-tp-ho-chi-minh/119338355.htm
3807,https://www.nhatot.com/mua-ban-dat-huyen-cu-chi-tp-ho-chi-minh/119188466.htm
3808,https://www.nhatot.com/mua-ban-dat-thanh-pho-thu-duc-tp-ho-chi-minh/119338103.htm
3809,https://www.nhatot.com/mua-ban-dat-huyen-binh-chanh-tp-ho-chi-minh/119338044.htm
3810,https://www.nhatot.com/mua-ban-dat-thanh-pho-thu-duc-tp-ho-chi-minh/119337945.htm
3811,https://www.nhatot.com/mua-ban-dat-huyen-cu-chi-tp-ho-chi-minh/119337929.htm
3812,https://www.nhatot.com/mua-ban-dat-quan-12-tp-ho-chi-minh/118367749.htm#px=SR-special_display_ad-[PO-3][PL-default]
3813,https://www.nhatot.com/mua-ban-dat-quan-12-tp-ho-chi-minh/118704610.htm#px=SR-special_display_ad-[PO-4][PL-default]
3814,https://www.nhatot.com/mua-ban-dat-quan-12-tp-ho-chi-minh/119337720.htm
3815,https://www.nhatot.com/mua-ban-dat-quan-12-tp-ho-chi-minh/119101014.htm
3816,https://www.nhatot.com/mua-ban-dat-huyen-cu-chi-tp-ho-chi-minh/119337412.htm
3817,https://www.nhatot.com/mua-ban-dat-quan-binh-tan-tp-ho-chi-minh/118750690.htm
3818,https://www.nhatot.com/mua-ban-dat-huyen-hoc-mon-tp-ho-chi-minh/118502467.htm
3819,https://www.nhatot.com/mua-ban-dat-huyen-binh-chanh-tp-ho-chi-minh/118982869.htm
3820,https://www.nhatot.com/mua-ban-dat-quan-go-vap-tp-ho-chi-minh/118987740.htm
3821,https://www.nhatot.com/mua-ban-dat-quan-12-tp-ho-chi-minh/119263385.htm
3822,https://www.nhatot.com/mua-ban-dat-huyen-cu-chi-tp-ho-chi-minh/118531354.htm
3823,https://www.nhatot.com/mua-ban-dat-quan-12-tp-ho-chi-minh/114175547.htm
3824,https://www.nhatot.com/mua-ban-dat-thanh-pho-thu-duc-tp-ho-chi-minh/117572103.htm
3825,https://www.nhatot.com/mua-ban-dat-thanh-pho-thu-duc-tp-ho-chi-minh/111591511.htm
3826,https://www.nhatot.com/mua-ban-dat-huyen-cu-chi-tp-ho-chi-minh/118615360.htm
3827,https://www.nhatot.com/mua-ban-dat-quan-go-vap-tp-ho-chi-minh/117934656.htm
3828,https://www.nhatot.com/mua-ban-dat-huyen-nha-be-tp-ho-chi-minh/119335969.htm
3829,https://www.nhatot.com/mua-ban-dat-quan-7-tp-ho-chi-minh/119335964.htm
3830,https://www.nhatot.com/mua-ban-dat-quan-12-tp-ho-chi-minh/119325605.htm
3831,https://www.nhatot.com/mua-ban-dat-huyen-cu-chi-tp-ho-chi-minh/119335873.htm
3832,https://www.nhatot.com/mua-ban-dat-huyen-cu-chi-tp-ho-chi-minh/114391044.htm
3833,https://www.nhatot.com/mua-ban-dat-huyen-cu-chi-tp-ho-chi-minh/114590560.htm
3834,https://www.nhatot.com/mua-ban-dat-quan-binh-thanh-tp-ho-chi-minh/119335638.htm#px=SR-special_display_ad-[PO-5][PL-default]
3835,https://www.nhatot.com/mua-ban-dat-thanh-pho-thu-duc-tp-ho-chi-minh/115207306.htm
3836,https://www.nhatot.com/mua-ban-dat-huyen-cu-chi-tp-ho-chi-minh/119306648.htm
3837,https://www.nhatot.com/mua-ban-dat-thanh-pho-thu-duc-tp-ho-chi-minh/118409501.htm#px=SR-special_display_ad-[PO-8][PL-default]
3838,https://www.nhatot.com/mua-ban-dat-thanh-pho-thu-duc-tp-ho-chi-minh/114912012.htm#px=SR-special_display_ad-[PO-9][PL-default]
3839,https://www.nhatot.com/mua-ban-dat-huyen-nha-be-tp-ho-chi-minh/119297941.htm
3840,https://www.nhatot.com/mua-ban-dat-thanh-pho-thu-duc-tp-ho-chi-minh/119335440.htm
3841,https://www.nhatot.com/mua-ban-dat-huyen-hoc-mon-tp-ho-chi-minh/117809536.htm
3842,https://www.nhatot.com/mua-ban-dat-quan-7-tp-ho-chi-minh/119335367.htm
3843,https://www.nhatot.com/mua-ban-dat-huyen-cu-chi-tp-ho-chi-minh/119335298.htm
3844,https://www.nhatot.com/mua-ban-dat-thanh-pho-thu-duc-tp-ho-chi-minh/118280306.htm#px=SR-special_display_ad-[PO-15][PL-default]
3845,https://www.nhatot.com/mua-ban-dat-thanh-pho-thu-duc-tp-ho-chi-minh/119335181.htm#px=SR-special_display_ad-[PO-16][PL-default]
3846,https://www.nhatot.com/mua-ban-dat-huyen-nha-be-tp-ho-chi-minh/110811056.htm
3847,https://www.nhatot.com/mua-ban-dat-huyen-nha-be-tp-ho-chi-minh/118002677.htm
3848,https://www.nhatot.com/mua-ban-dat-huyen-cu-chi-tp-ho-chi-minh/119335093.htm
3849,https://www.nhatot.com/mua-ban-dat-quan-binh-thanh-tp-ho-chi-minh/108195531.htm
3850,https://www.nhatot.com/mua-ban-dat-huyen-nha-be-tp-ho-chi-minh/119335038.htm
3851,https://www.nhatot.com/mua-ban-dat-huyen-hoc-mon-tp-ho-chi-minh/119334818.htm
3852,https://www.nhatot.com/mua-ban-dat-thanh-pho-thu-duc-tp-ho-chi-minh/117522261.htm
3853,https://www.nhatot.com/mua-ban-dat-thanh-pho-thu-duc-tp-ho-chi-minh/119334743.htm
3854,https://www.nhatot.com/mua-ban-dat-huyen-cu-chi-tp-ho-chi-minh/119334738.htm
3855,https://www.nhatot.com/mua-ban-dat-thanh-pho-thu-duc-tp-ho-chi-minh/119164116.htm
3856,https://www.nhatot.com/mua-ban-dat-huyen-cu-chi-tp-ho-chi-minh/119334551.htm
3857,https://www.nhatot.com/mua-ban-dat-huyen-nha-be-tp-ho-chi-minh/115336988.htm
3858,https://www.nhatot.com/mua-ban-dat-huyen-nha-be-tp-ho-chi-minh/115428814.htm
3859,https://www.nhatot.com/mua-ban-dat-huyen-nha-be-tp-ho-chi-minh/116546495.htm
3860,https://www.nhatot.com/mua-ban-dat-huyen-nha-be-tp-ho-chi-minh/117579951.htm
3861,https://www.nhatot.com/mua-ban-dat-quan-binh-thanh-tp-ho-chi-minh/109965264.htm
3862,https://www.nhatot.com/mua-ban-dat-thanh-pho-thu-duc-tp-ho-chi-minh/119334390.htm
3863,https://www.nhatot.com/mua-ban-dat-quan-12-tp-ho-chi-minh/119235718.htm
3864,https://www.nhatot.com/mua-ban-dat-huyen-hoc-mon-tp-ho-chi-minh/119334192.htm
3865,https://www.nhatot.com/mua-ban-dat-quan-7-tp-ho-chi-minh/119334135.htm
3866,https://www.nhatot.com/mua-ban-dat-quan-12-tp-ho-chi-minh/119334138.htm
3867,https://www.nhatot.com/mua-ban-dat-huyen-hoc-mon-tp-ho-chi-minh/119334113.htm
3868,https://www.nhatot.com/mua-ban-dat-huyen-cu-chi-tp-ho-chi-minh/119334089.htm
3869,https://www.nhatot.com/mua-ban-dat-huyen-hoc-mon-tp-ho-chi-minh/117190863.htm
3870,https://www.nhatot.com/mua-ban-dat-huyen-hoc-mon-tp-ho-chi-minh/119334113.htm
3871,https://www.nhatot.com/mua-ban-dat-huyen-cu-chi-tp-ho-chi-minh/119334089.htm
3872,https://www.nhatot.com/mua-ban-dat-huyen-hoc-mon-tp-ho-chi-minh/117190863.htm
3873,https://www.nhatot.com/mua-ban-dat-thanh-pho-thu-duc-tp-ho-chi-minh/113427242.htm
3874,https://www.nhatot.com/mua-ban-dat-huyen-nha-be-tp-ho-chi-minh/118981347.htm
3875,https://www.nhatot.com/mua-ban-dat-thanh-pho-thu-duc-tp-ho-chi-minh/118959399.htm
3876,https://www.nhatot.com/mua-ban-dat-thanh-pho-thu-duc-tp-ho-chi-minh/116777022.htm
3877,https://www.nhatot.com/mua-ban-dat-huyen-cu-chi-tp-ho-chi-minh/117140193.htm
3878,https://www.nhatot.com/mua-ban-dat-huyen-cu-chi-tp-ho-chi-minh/117875955.htm
3879,https://www.nhatot.com/mua-ban-dat-huyen-cu-chi-tp-ho-chi-minh/118628227.htm
3880,https://www.nhatot.com/mua-ban-dat-huyen-cu-chi-tp-ho-chi-minh/118654334.htm
3881,https://www.nhatot.com/mua-ban-dat-huyen-nha-be-tp-ho-chi-minh/119333539.htm
3882,https://www.nhatot.com/mua-ban-dat-huyen-hoc-mon-tp-ho-chi-minh/110153250.htm
3883,https://www.nhatot.com/mua-ban-dat-huyen-hoc-mon-tp-ho-chi-minh/113801867.htm
3884,https://www.nhatot.com/mua-ban-dat-huyen-hoc-mon-tp-ho-chi-minh/114369100.htm
3885,https://www.nhatot.com/mua-ban-dat-huyen-hoc-mon-tp-ho-chi-minh/108587309.htm
3886,https://www.nhatot.com/mua-ban-dat-huyen-hoc-mon-tp-ho-chi-minh/119064286.htm
3887,https://www.nhatot.com/mua-ban-dat-huyen-hoc-mon-tp-ho-chi-minh/116105800.htm
3888,https://www.nhatot.com/mua-ban-dat-huyen-hoc-mon-tp-ho-chi-minh/113808246.htm
3889,https://www.nhatot.com/mua-ban-dat-huyen-hoc-mon-tp-ho-chi-minh/110093279.htm
3890,https://www.nhatot.com/mua-ban-dat-huyen-hoc-mon-tp-ho-chi-minh/110093279.htm
3891,https://www.nhatot.com/mua-ban-dat-huyen-hoc-mon-tp-ho-chi-minh/117410152.htm
3892,https://www.nhatot.com/mua-ban-dat-huyen-hoc-mon-tp-ho-chi-minh/117396347.htm
3893,https://www.nhatot.com/mua-ban-dat-huyen-cu-chi-tp-ho-chi-minh/119333387.htm
3894,https://www.nhatot.com/mua-ban-dat-quan-6-tp-ho-chi-minh/118985725.htm
3895,https://www.nhatot.com/mua-ban-dat-quan-7-tp-ho-chi-minh/112081918.htm
3896,https://www.nhatot.com/mua-ban-dat-thanh-pho-thu-duc-tp-ho-chi-minh/119333263.htm
3897,https://www.nhatot.com/mua-ban-dat-huyen-binh-chanh-tp-ho-chi-minh/119333118.htm
3898,https://www.nhatot.com/mua-ban-dat-quan-6-tp-ho-chi-minh/119333099.htm
3899,https://www.nhatot.com/mua-ban-dat-huyen-hoc-mon-tp-ho-chi-minh/115667628.htm#px=SR-special_display_ad-[PO-10][PL-default]
3900,https://www.nhatot.com/mua-ban-dat-thanh-pho-thu-duc-tp-ho-chi-minh/118137860.htm
3901,https://www.nhatot.com/mua-ban-dat-thanh-pho-thu-duc-tp-ho-chi-minh/118137374.htm
3902,https://www.nhatot.com/mua-ban-dat-thanh-pho-thu-duc-tp-ho-chi-minh/118153279.htm
3903,https://www.nhatot.com/mua-ban-dat-thanh-pho-thu-duc-tp-ho-chi-minh/119332799.htm
3904,https://www.nhatot.com/mua-ban-dat-thanh-pho-thu-duc-tp-ho-chi-minh/118137783.htm
3905,https://www.nhatot.com/mua-ban-dat-thanh-pho-thu-duc-tp-ho-chi-minh/115208448.htm
3906,https://www.nhatot.com/mua-ban-dat-thanh-pho-thu-duc-tp-ho-chi-minh/115214357.htm
3907,https://www.nhatot.com/mua-ban-dat-thanh-pho-thu-duc-tp-ho-chi-minh/117555074.htm
3908,https://www.nhatot.com/mua-ban-dat-thanh-pho-thu-duc-tp-ho-chi-minh/117494929.htm
3909,https://www.nhatot.com/mua-ban-dat-quan-binh-tan-tp-ho-chi-minh/119332708.htm#px=SR-special_display_ad-[PO-20][PL-default]
3910,https://www.nhatot.com/mua-ban-dat-quan-binh-tan-tp-ho-chi-minh/119332655.htm
3911,https://www.nhatot.com/mua-ban-dat-huyen-hoc-mon-tp-ho-chi-minh/117974465.htm
3912,https://www.nhatot.com/mua-ban-dat-quan-binh-tan-tp-ho-chi-minh/117763689.htm
3913,https://www.nhatot.com/mua-ban-dat-huyen-binh-chanh-tp-ho-chi-minh/118228359.htm
3914,https://www.nhatot.com/mua-ban-dat-quan-binh-tan-tp-ho-chi-minh/119332363.htm
3915,https://www.nhatot.com/mua-ban-dat-quan-12-tp-ho-chi-minh/117996220.htm
3916,https://www.nhatot.com/mua-ban-dat-huyen-nha-be-tp-ho-chi-minh/117439846.htm
3917,https://www.nhatot.com/mua-ban-dat-quan-12-tp-ho-chi-minh/119186502.htm
3918,https://www.nhatot.com/mua-ban-dat-thanh-pho-thu-duc-tp-ho-chi-minh/117552832.htm#px=SR-special_display_ad-[PO-9][PL-default]
3919,https://www.nhatot.com/mua-ban-dat-thanh-pho-thu-duc-tp-ho-chi-minh/117731321.htm#px=SR-special_display_ad-[PO-10][PL-default]
3920,https://www.nhatot.com/mua-ban-dat-thanh-pho-thu-duc-tp-ho-chi-minh/119331793.htm
3921,https://www.nhatot.com/mua-ban-dat-thanh-pho-thu-duc-tp-ho-chi-minh/119331702.htm
3922,https://www.nhatot.com/mua-ban-dat-quan-12-tp-ho-chi-minh/119331646.htm#px=SR-special_display_ad-[PO-13][PL-default]
3923,https://www.nhatot.com/mua-ban-dat-thanh-pho-thu-duc-tp-ho-chi-minh/119331409.htm
3924,https://www.nhatot.com/mua-ban-dat-huyen-binh-chanh-tp-ho-chi-minh/110816448.htm#px=SR-special_display_ad-[PO-15][PL-default]
3925,https://www.nhatot.com/mua-ban-dat-quan-binh-thanh-tp-ho-chi-minh/119131429.htm
3926,https://www.nhatot.com/mua-ban-dat-huyen-nha-be-tp-ho-chi-minh/119331195.htm
3927,https://www.nhatot.com/mua-ban-dat-thanh-pho-thu-duc-tp-ho-chi-minh/119331151.htm
3928,https://www.nhatot.com/mua-ban-dat-thanh-pho-thu-duc-tp-ho-chi-minh/118191087.htm#px=SR-special_display_ad-[PO-19][PL-default]
3929,https://www.nhatot.com/mua-ban-dat-thanh-pho-thu-duc-tp-ho-chi-minh/117934127.htm#px=SR-special_display_ad-[PO-20][PL-default]
3930,https://www.nhatot.com/mua-ban-dat-quan-12-tp-ho-chi-minh/119330871.htm
3931,https://www.nhatot.com/mua-ban-dat-thanh-pho-thu-duc-tp-ho-chi-minh/117803603.htm#px=SR-special_display_ad-[PO-2][PL-default]
3932,https://www.nhatot.com/mua-ban-dat-quan-tan-phu-tp-ho-chi-minh/115074860.htm
3933,https://www.nhatot.com/mua-ban-dat-quan-8-tp-ho-chi-minh/117526626.htm
3934,https://www.nhatot.com/mua-ban-dat-quan-12-tp-ho-chi-minh/119330720.htm
3935,https://www.nhatot.com/mua-ban-dat-quan-1-tp-ho-chi-minh/119330710.htm
3936,https://www.nhatot.com/mua-ban-dat-huyen-binh-chanh-tp-ho-chi-minh/119330709.htm
3937,https://www.nhatot.com/mua-ban-dat-quan-tan-phu-tp-ho-chi-minh/114383869.htm
3938,https://www.nhatot.com/mua-ban-dat-huyen-nha-be-tp-ho-chi-minh/114370383.htm
3939,https://www.nhatot.com/mua-ban-dat-huyen-nha-be-tp-ho-chi-minh/118361172.htm
3940,https://www.nhatot.com/mua-ban-dat-huyen-hoc-mon-tp-ho-chi-minh/119330529.htm
3941,https://www.nhatot.com/mua-ban-dat-quan-go-vap-tp-ho-chi-minh/119330487.htm
3942,https://www.nhatot.com/mua-ban-dat-huyen-nha-be-tp-ho-chi-minh/118665034.htm
3943,https://www.nhatot.com/mua-ban-dat-huyen-nha-be-tp-ho-chi-minh/118597843.htm
3944,https://www.nhatot.com/mua-ban-dat-huyen-nha-be-tp-ho-chi-minh/119330426.htm
3945,https://www.nhatot.com/mua-ban-dat-thanh-pho-thu-duc-tp-ho-chi-minh/119330341.htm
3946,https://www.nhatot.com/mua-ban-dat-huyen-nha-be-tp-ho-chi-minh/119330322.htm
3947,https://www.nhatot.com/mua-ban-dat-huyen-hoc-mon-tp-ho-chi-minh/119330302.htm
3948,https://www.nhatot.com/mua-ban-dat-huyen-cu-chi-tp-ho-chi-minh/119330291.htm
3949,https://www.nhatot.com/mua-ban-dat-huyen-cu-chi-tp-ho-chi-minh/119330243.htm
3950,https://www.nhatot.com/mua-ban-dat-huyen-cu-chi-tp-ho-chi-minh/119330177.htm
3951,https://www.nhatot.com/mua-ban-dat-quan-7-tp-ho-chi-minh/117643859.htm
3952,https://www.nhatot.com/mua-ban-dat-thanh-pho-thu-duc-tp-ho-chi-minh/119330133.htm
3953,https://www.nhatot.com/mua-ban-dat-quan-tan-binh-tp-ho-chi-minh/119330101.htm
3954,https://www.nhatot.com/mua-ban-dat-thanh-pho-thu-duc-tp-ho-chi-minh/119330010.htm
3955,https://www.nhatot.com/mua-ban-dat-thanh-pho-thu-duc-tp-ho-chi-minh/115356819.htm
3956,https://www.nhatot.com/mua-ban-dat-huyen-cu-chi-tp-ho-chi-minh/119329872.htm
3957,https://www.nhatot.com/mua-ban-dat-huyen-cu-chi-tp-ho-chi-minh/119329855.htm
3958,https://www.nhatot.com/mua-ban-dat-quan-binh-thanh-tp-ho-chi-minh/118899111.htm
3959,https://www.nhatot.com/mua-ban-dat-huyen-nha-be-tp-ho-chi-minh/117419364.htm#px=SR-special_display_ad-[PO-10][PL-default]
3960,https://www.nhatot.com/mua-ban-dat-huyen-nha-be-tp-ho-chi-minh/115949826.htm#px=SR-special_display_ad-[PO-11][PL-default]
3961,https://www.nhatot.com/mua-ban-dat-huyen-hoc-mon-tp-ho-chi-minh/116161346.htm
3962,https://www.nhatot.com/mua-ban-dat-huyen-nha-be-tp-ho-chi-minh/119329602.htm
3963,https://www.nhatot.com/mua-ban-dat-quan-binh-tan-tp-ho-chi-minh/119329593.htm
3964,https://www.nhatot.com/mua-ban-dat-quan-3-tp-ho-chi-minh/119329545.htm
3965,https://www.nhatot.com/mua-ban-dat-quan-12-tp-ho-chi-minh/119329495.htm
3966,https://www.nhatot.com/mua-ban-dat-huyen-cu-chi-tp-ho-chi-minh/119329424.htm
3967,https://www.nhatot.com/mua-ban-dat-huyen-cu-chi-tp-ho-chi-minh/119329390.htm
3968,https://www.nhatot.com/mua-ban-dat-quan-12-tp-ho-chi-minh/117905634.htm
3969,https://www.nhatot.com/mua-ban-dat-quan-12-tp-ho-chi-minh/117808826.htm
3970,https://www.nhatot.com/mua-ban-dat-quan-binh-thanh-tp-ho-chi-minh/117489353.htm
3971,https://www.nhatot.com/mua-ban-dat-huyen-hoc-mon-tp-ho-chi-minh/119329104.htm
3972,https://www.nhatot.com/mua-ban-dat-quan-12-tp-ho-chi-minh/117299462.htm
3973,https://www.nhatot.com/mua-ban-dat-thanh-pho-thu-duc-tp-ho-chi-minh/119328856.htm
3974,https://www.nhatot.com/mua-ban-dat-huyen-nha-be-tp-ho-chi-minh/119328761.htm
3975,https://www.nhatot.com/mua-ban-dat-huyen-cu-chi-tp-ho-chi-minh/119328750.htm#px=SR-special_display_ad-[PO-6][PL-default]
3976,https://www.nhatot.com/mua-ban-dat-huyen-nha-be-tp-ho-chi-minh/118874025.htm
3977,https://www.nhatot.com/mua-ban-dat-huyen-binh-chanh-tp-ho-chi-minh/118923567.htm
3978,https://www.nhatot.com/mua-ban-dat-huyen-cu-chi-tp-ho-chi-minh/119328715.htm
3979,https://www.nhatot.com/mua-ban-dat-huyen-cu-chi-tp-ho-chi-minh/119183174.htm
3980,https://www.nhatot.com/mua-ban-dat-huyen-nha-be-tp-ho-chi-minh/119328490.htm
3981,https://www.nhatot.com/mua-ban-dat-quan-12-tp-ho-chi-minh/117806778.htm
3982,https://www.nhatot.com/mua-ban-dat-huyen-cu-chi-tp-ho-chi-minh/119328347.htm
3983,https://www.nhatot.com/mua-ban-dat-huyen-cu-chi-tp-ho-chi-minh/119328262.htm
3984,https://www.nhatot.com/mua-ban-dat-huyen-cu-chi-tp-ho-chi-minh/118807174.htm
3985,https://www.nhatot.com/mua-ban-dat-huyen-cu-chi-tp-ho-chi-minh/116987888.htm
3986,https://www.nhatot.com/mua-ban-dat-thanh-pho-thu-duc-tp-ho-chi-minh/119328222.htm
3987,https://www.nhatot.com/mua-ban-dat-quan-12-tp-ho-chi-minh/119328076.htm
3988,https://www.nhatot.com/mua-ban-dat-huyen-hoc-mon-tp-ho-chi-minh/114296388.htm
3989,https://www.nhatot.com/mua-ban-dat-thanh-pho-thu-duc-tp-ho-chi-minh/119327950.htm
3990,https://www.nhatot.com/mua-ban-dat-huyen-cu-chi-tp-ho-chi-minh/119318891.htm
3991,https://www.nhatot.com/mua-ban-dat-huyen-cu-chi-tp-ho-chi-minh/118474821.htm
3992,https://www.nhatot.com/mua-ban-dat-huyen-hoc-mon-tp-ho-chi-minh/119327870.htm
3993,https://www.nhatot.com/mua-ban-dat-huyen-cu-chi-tp-ho-chi-minh/119327865.htm
3994,https://www.nhatot.com/mua-ban-dat-huyen-cu-chi-tp-ho-chi-minh/116552004.htm
3995,https://www.nhatot.com/mua-ban-dat-thanh-pho-thu-duc-tp-ho-chi-minh/119327532.htm
3996,https://www.nhatot.com/mua-ban-dat-huyen-cu-chi-tp-ho-chi-minh/119327520.htm
3997,https://www.nhatot.com/mua-ban-dat-quan-8-tp-ho-chi-minh/118958799.htm
3998,https://www.nhatot.com/mua-ban-dat-quan-7-tp-ho-chi-minh/117606078.htm
3999,https://www.nhatot.com/mua-ban-dat-quan-12-tp-ho-chi-minh/119327333.htm
4000,https://www.nhatot.com/mua-ban-dat-huyen-hoc-mon-tp-ho-chi-minh/118985474.htm
4001,https://www.nhatot.com/mua-ban-dat-quan-7-tp-ho-chi-minh/116635015.htm
4002,https://www.nhatot.com/mua-ban-dat-huyen-nha-be-tp-ho-chi-minh/115277265.htm
4003,https://www.nhatot.com/mua-ban-dat-thanh-pho-thu-duc-tp-ho-chi-minh/119327216.htm
4004,https://www.nhatot.com/mua-ban-dat-huyen-cu-chi-tp-ho-chi-minh/119327195.htm
4005,https://www.nhatot.com/mua-ban-dat-huyen-binh-chanh-tp-ho-chi-minh/119326927.htm
4006,https://www.nhatot.com/mua-ban-dat-huyen-hoc-mon-tp-ho-chi-minh/118296043.htm
4007,https://www.nhatot.com/mua-ban-dat-quan-7-tp-ho-chi-minh/119326895.htm
4008,https://www.nhatot.com/mua-ban-dat-quan-binh-tan-tp-ho-chi-minh/116358401.htm
4009,https://www.nhatot.com/mua-ban-dat-thanh-pho-thu-duc-tp-ho-chi-minh/117767396.htm
